MA HH,TEN SP,TEN RUT GON,NHAN
2210003,Lăn khử mùi nam Adidas - 6 in 1- 40ml (4162),LKM-6 IN 1,ADIDAS
2210004,Lăn khử mùi nam Adidas - Climacool - 40ml   (4148),LKM CLIMACOOL,ADIDAS
2210002,Lăn khử mùi nam Adidas - Dynamic Pulse -  40ml (6259),LKM DYNAMIC,ADIDAS
2210001,Lăn khử mùi nam Adidas - Ice Dive - 40ml (6358),LKM ICE DIVE,ADIDAS
,Lăn khử mùi nữ Adidas - 6 in 1 - 40ml (4155),LKM NU 6IN1,ADIDAS
2250001,Lăn khử mùi nữ Adidas - Clearly White - 40ml (1228),LKM CLEARLY NU,ADIDAS
2250004,Lăn khử mùi nữ Adidas - Climacool - 40ml (4131),LKM CLIMACOOL NU,ADIDAS
2250002,Lăn khử mùi nữ Adidas - Fresh Vitality - 40ml (1174),LKM FRESH VITALITY NU,ADIDAS
2230001,Nước hoa nam Adidas - Dynamic Pulse - 100ml (7344),NUOC HOA DYNAMIC,ADIDAS
2230004,Nước hoa nam Adidas - Get Ready - 100ml (3817),NUOC HOA GET READY,ADIDAS
2230002,Nước hoa nam Adidas - Ice Dive - 100ml (7498),NUOC HOA ICE DIVE,ADIDAS
2230003,Nước hoa nam Adidas - Pure Game - 100ml (7542),NUOC HOA PURE GAME,ADIDAS
2230005,Nước hoa nam Adidas - Team Five - 100ml (1035),NUOC HOA TEAM FIVE,ADIDAS
2230006,Nước hoa nam Adidas - Victory League - 100ml (7641),NUOC HOA GET READY,ADIDAS
2240007,Sữa tắm gội toàn thân nam Adidas - After Sport - 250ml (2158),TG AFTER SPORT,ADIDAS
2240001,Sữa tắm gội toàn thân nam Adidas - Dynamic Pulse - 400ml (7185),TG DYNAMIC,ADIDAS
2240006,Sữa tắm gội toàn thân nam Adidas - Ice Dive - 250ml (3902),ST-ICE DIVE,ADIDAS
2240002,Sữa tắm gội toàn thân nam Adidas - Ice Dive - 400ml (7635),TG ICE DIVE,ADIDAS
2240003,Sữa tắm gội toàn thân nam Adidas -Pure Game - 400ml (8038),TG PURE GAME,ADIDAS
2220001,Xịt khử mùi toàn thân nam Adidas - 6 in 1 - Cool & Dry - 150ml (9060),XKM 6 IN 1,ADIDAS
2220002,Xịt khử mùi toàn thân nam Adidas - Climacool - 150ml (6656),XKM CLIMACOOL,ADIDAS
2220001,Xịt khử mùi toàn thân nam Adidas - Cool & Dry - 150ml (9060),XKM 6 IN 1,ADIDAS
2220003,Xịt khử mùi toàn thân nam Adidas - Dynamic Pulse - 150ml (0094),XKM DYNAMIC,ADIDAS
2220005,Xịt khử mùi toàn thân nam Adidas - Get Ready- 150ml (5699),XKM GET READY,ADIDAS
2220004,Xịt khử mùi toàn thân nam Adidas - Ice Dive - 150ml (7321),XKM-ICE DIVE,ADIDAS
2220007,Xịt khử mùi toàn thân nam Adidas - Pure Game - 150ml (1119),XKM PURE GAME,ADIDAS
2220006,Xịt khử mùi toàn thân nam Adidas - Team Five - 150ml (0922),XKM-TEAM FIVE,ADIDAS
2260001,Xịt khử mùi toàn thân nữ Adidas - 6 in 1 - Cool & Care - 150ml (8810),XKM  6 IN 1 NU,ADIDAS
2260002,Xịt khử mùi toàn thân nữ Adidas - Climacool - 150ml (6564),XKM CLIMACOOL NU,ADIDAS
2260001,Xịt khử mùi toàn thân nữ Adidas - Cool & Care - 150ml (8810),XKM  6 IN 1 NU,ADIDAS
2320001,Bột  Nổi Baking Soda 454g - Fresh Box (1101),453 G,BAKING SODA
,"Bột Đa Năng Baking Soda 1,81kg - One Box (1705)",1.81 KG,BAKING SODA
,Bột Đa Năng Baking Soda 2.1kg - Scratchless Cleaning (2970),2.1 KG,BAKING SODA
,Bột Đa Năng Baking Soda 500g - Scratchless Cleaning (0298),500 G,BAKING SODA
,Bột Đa Năng Baking Soda 500g - Scratchless Cleaning (2987),500 G,BAKING SODA
,Bột Khử Mùi Baking Soda 340g - Fresh-N-Natural (4604),340 G FRESH,BAKING SODA
,"Bột Khử Mùi Tủ Lạnh Baking Soda 396,8g - Fridge-N-Freezer (0204)","396,8G",BAKING SODA
,Bột Nổi Baking Soda 453g - Fresh Box (1101),453 G,BAKING SODA
,Bột Nổi Baking Soda 454g - Fresh Box (1101),453 G,BAKING SODA
2340001,Bột Rửa Rau Quả Baking Soda 340g - Cleaning Produce Naturally (6700),340G SHAKE,BAKING SODA
,Bột Tẩy Rửa Đa Năng Baking Soda 226g - Scratchless Cleaning (1309),226 G,BAKING SODA
,Bột Tẩy Rửa Đa Năng Baking Soda 227g - Scratchless Cleaning (1309),226 G,BAKING SODA
,Hàng KM : Muối Nổi Tinh Khiết Rửa Rau Quả Baking Soda 340g (6700),KM,BAKING SODA
2340001,Hàng KM: Muối Nổi Rửa Rau Quả Baking Soda 340g (6700),340G SHAKE,BAKING SODA
,"Hàng KM:Bột Khử Mùi Tủ Lạnh Baking Soda 396,8g - Fridge-N-Freezer (0204)",KM,BAKING SODA
,Hàng KM:Muối Nổi Rửa Rau Quả Baking Soda 340g (6700),KM,BAKING SODA
,Hàng khuyến mãi :Muối Nổi Tinh Khiết Rửa Rau Quả Baking Soda 340g (6700),KM,BAKING SODA
2320001,Muối  Nổi Baking Soda 454g - Fresh Box (1101),453 G,BAKING SODA
,Muối Nổi Baking Soda 100g - Fresh Box (5854),100 G,BAKING SODA
,Muối Nổi Baking Soda 100g - Fresh Box (7585),100 G,BAKING SODA
,Muối Nổi Baking Soda 453g - Fresh Box (1101),453 G,BAKING SODA
,Muối Nổi Baking Soda 454g - Fresh Box (1101),453 G,BAKING SODA
,Muối Nổi Rửa Rau Quả Baking Soda 340g (6592),340G SHAKE,BAKING SODA
,Muối Nổi Rửa Rau Quả Baking Soda 340g (6700),340G SHAKE,BAKING SODA
2310001,Muối Nổi Tẩy Rửa Đa Năng Pure Baking Soda 227g - Scratchless Cleaning (1309),226 G,BAKING SODA
2340001,Muối Nổi Tinh Khiết Arm & Hamer Pure Baking Soda 340g - Cleaning Produce Naturally (6700),340G SHAKE,BAKING SODA
,Muối Nổi Tinh Khiết Rửa Rau Quả Baking Soda 340g (6700),340G SHAKE,BAKING SODA
,Muối Nổi Tinh Khiết Rửa Rau Quả Baking Soda 340g (7659),340G SHAKE,BAKING SODA
4020205,Ba lô Coleman Magic Lite 2000021756-30L-Đen (0402),Ba lô,COLEMAN
4020201,Ba lô Coleman Walker CBB4501BK-25L-Đen (5339),PHU KIEN BALO,COLEMAN
4220065,Bản lề thùng giữ nhiệt Coleman R5226A280G (0118),PHU KIEN BAN LE,COLEMAN
4030015,Bàn xếp Coleman 2000034611      (4324),Bàn xếp,COLEMAN
4030016,Bàn xếp Coleman 2000038844 - khung nhôm (8013),PHU KIEN BAN XEP,COLEMAN
4040009,Bếp nướng để bàn Coleman 170-9368 (6777),PHU KIEN BEP NUONG,COLEMAN
,Bình  Coleman giữ lạnh 3000001017(5693A703G)-1.8L-Đỏ    (7248) (5218),BINH 1.8L,COLEMAN
,Bình Coleman 5542B718G-1.2L- B     (4938),BINH 1.2L,COLEMAN
,Bình Coleman 5542B763G-1.2L-R    (4914),BINH 1.2L,COLEMAN
4010060,Bình Coleman giữ lạnh 1363293-5L (nắp ly),TGN 5L,COLEMAN
4010092,Bình Coleman giữ lạnh 3000000730-7.6L-Đỏ (6135),TGL 7.6L,COLEMAN
,Bình Coleman giữ lạnh 3000000731-3.8L-Đỏ  (6128),BINH 3.8L,COLEMAN
4010260,Bình Coleman giữ lạnh 3000000733-19L-Cam (6142),TGN 19L,COLEMAN
4010093,Bình Coleman giữ lạnh 3000000736-7.6L-Xanh (6180),TGN 7.6L,COLEMAN
,Bình Coleman giữ lạnh 3000000739-3.8L-Xanh (6197),BINH 3.8L,COLEMAN
4010094,Bình Coleman giữ lạnh 3000000877-7.6L-Xanh lá (6920),TGL 7.6L,COLEMAN
4010015,Bình Coleman giữ lạnh 3000001016(5693A718G)-1.8L-Xanh (7255),BINH 1.8L,COLEMAN
4010025,Bình Coleman giữ lạnh 3000001488 -1.8L-Tím     (9099),BINH 1.8L,COLEMAN
,Bình Coleman giữ lạnh 3000001492-1.2L-Xanh lá  (9136),BINH 1.2L,COLEMAN
4010021,Bình Coleman giữ lạnh 3000001534-1.8L-Xanh lá      (8054),BINH 1.8L,COLEMAN
4010007,Bình Coleman giữ lạnh 3000001617-1.2L-Cam (9440),BINH 1.2L,COLEMAN
4050015,Bình đựng nước giữ nhiệt Coleman 21604278 - 720mL - Trắng  (3408),BINH 720ML,COLEMAN
4050011,Bình đựng nước giữ nhiệt Coleman 2160480 - 720mL - Xám  (3422),BINH 720ML,COLEMAN
4050014,Bình đựng nước giữ nhiệt Coleman 2190948 - 720mL - Xanh biển  (0730),BINH 720ML,COLEMAN
,Bình uống nước Coleman - 0.5L - 200016355- nhôm (3407),BINH 0.5L,COLEMAN
4050004,Bình uống nước Coleman + 0.75L - 2000016368 - Tritan (0535),BINH 0.5L,COLEMAN
4020030,Bộ áo mưa Coleman 2000004101-M-Xanh (5918),Bộ áo mưa,COLEMAN
4020031,Bộ áo mưa Coleman 2000004102-L-Xanh (5925),Bộ áo mưa,COLEMAN
4050021,Bộ dụng cụ ăn đa năng Coleman 2000016425(7835)    (2158),BO DUNG CU AN,COLEMAN
4050043,Bơm pin Coleman 200021937 (4D) (0383),PHU KIEN BOM ,COLEMAN
4050041,Bơm pin Coleman 5999E300    (1590),PHU KIEN BOM ,COLEMAN
4050027,Búa nện Coleman bằng nhựa  2000025211-16 (7039),BUA,COLEMAN
4050065,Còi Coleman 5 trong 1 - 200006628 (16442)        (8336),PHU KIEN COI,COLEMAN
,Cục nhựa làm lạnh Coleman 1237259 - 6 lon        (9153),ice chiller 6,COLEMAN
4050054,Cưa gập Coleman 2000025203 (6964),PHU KIEN CUA,COLEMAN
4100002,Đèn bàn CPX 6V Coleman 2000009456 (2189),PHU KIEN DEN BAN,COLEMAN
4100065,Đèn cắm trại Coleman 20012918 (25911) (0895),PHU KIEN DEN ,COLEMAN
4100006,Đèn dây đeo đầu Coleman 20001127 (25915) - sử dung 2 pin CR2032  (8014),PHU KIEN LA BAN,COLEMAN
4100008,Đèn dây đeo đầu CHT4 Coleman 20000012753 - Xanh/ đen (4329),Đèn dây đeo đầu,COLEMAN
4100040,Đèn dây Led Coleman 2000001475 (8427),PHU KIEN DEN ,COLEMAN
4100020,Đèn đeo đầu CHT15 Coleman 2000012262 (4381),Đèn đeo đầu,COLEMAN
4100057,Đèn lồng Led CPX6V Coleman 2000008546     (0147),DEN,COLEMAN
4100120,Đèn pin xách tay 200025912 (0917),PHU KIEN DEN ,COLEMAN
4100114,Đèn pin xách tay 200027296 (1408079) (0879),PHU KIEN DEN ,COLEMAN
4060008,Gậy đi rừng Coleman 2000016535 (0894),PHU KIEN GAY DI RUNG,COLEMAN
4060009,Gậy đi rừng Coleman 2000016536 (8945),PHU KIEN GAY DI RUNG,COLEMAN
4070025,Ghế  xếp du lịch Coleman 2000020261 (3744)      (1377),GHE XEP,COLEMAN
4070026,Ghế  xếp du lịch Coleman 2000020262 (0262) (1322),GHE XEP,COLEMAN
4070033,Ghế xếp Coleman 2000022015 - Hồng (0321),GHE XEP,COLEMAN
4070046,Ghế xếp Coleman 2000033808       (2481),GHE XEP,COLEMAN
4070048,Ghế xếp Coleman 2000033809 - Xanh Bộ đội (2498),GHE XEP,COLEMAN
4070049,Ghế xếp Coleman 2000034677 (4706),GHE XEP,COLEMAN
4070084,Ghế xếp Coleman 2000037447   (4565),GHE XEP,COLEMAN
,Ghế xếp đôi Coleman 2000022003 - Hồng (0307),GHE XEP,COLEMAN
4070106,Giường xếp Coleman 2000031295 - Xanh (9072),GIUONG XEP,COLEMAN
4070151,Kéo đa năng Coleman 200025215 (12 in 1) (7077),KEO DA NANG,COLEMAN
4070150,Kéo đa năng Coleman 20015161- 8526 - 836A412T       (3360),PHU KIEN KEO DA NANG,COLEMAN
4070171,Kìềm đa năng Coleman 2000025214 (15 in 1)       (7060),PHU KIEN KIEM,COLEMAN
4040041,"Kiềng xếp nấu, nướng 2000010397 (100x100x27)cm (3268)",PHU KIEN KIENG XEP,COLEMAN
4220063,Khuôn nướng sandwich Coleman 1709435,PHU KIEN KHUON NUONG,COLEMAN
4070190,La bàn bản đồ Coleman 2000016507(7838)     (3621),PHU KIEN LA BAN,COLEMAN
4070191,La bàn lensatic Coleman 2000016504(7834)        (4895),PHU KIEN LA BAN,COLEMAN
4080061,Lều - Bộ vật dụng Coleman 830B400T-200006629 (9431),LEU- BO VAT DUNG,COLEMAN
4080064,Lều cắm trại 1 người  Coleman 200039089 - Instant Up Dome/S (L210 x W90 x H100)  9102,LEU 1 NGUOI,COLEMAN
4080017,Lều cắm trại 3 người Touring Dome Coleman 2000038142 (4879),LEU 3 NGUOI ,COLEMAN
4080032,Lều cắm trại 4-5 người Screen 2-Room House Coleman 2000036438 (2127),Lều cắm trại 4-5 người,COLEMAN
4050018,Ly uống nước (giữ nhiệt)  Coleman 2148890 - 600ml - Xanh   (8725),Ly uống nước ,COLEMAN
4080143,Móc khoá cài Coleman 20014510 - 9305 - 1376488    (2080),PHU KIEN MOC KHOA,COLEMAN
4080135,Móc khóa treo còi Coleman 2000013463 - Xanh dương    (2744),PHU KIEN MOC KHOA,COLEMAN
4090007,Nệm hơi 1 người Go Coleman 2000006470 (7562),PHU KIEN NEM HOI 1 NGUOI,COLEMAN
4090017,Nệm hơi 2 người Coleman 60500A - Hồng (7425),Nệm hơi 2 người,COLEMAN
4090022,Nệm hơi 2 người Go Coleman 2000006472    (7586),PHU KIEN NEM HOI 2 NGUOI,COLEMAN
4090023,Nệm hơi 2 người Go Queen Coleman 2000006474    (7593),PHU KIEN NEM HOI 2 NGUOI,COLEMAN
4100150,Ống Nhòm Coleman 2000016458 (0840),PHU KIEN ONG NHOM,COLEMAN
4110029,Phao đeo tay Coleman 20000012735 (4325) - Xanh dương,PHU KIEN PHAO,COLEMAN
4110056,Phao đeo tay Coleman 200019611 (1404849) (3945),PHU KIEN PHAO,COLEMAN
4110048,Phao đeo tay Coleman 200029172 (9640),PHAO DEO TAY,COLEMAN
4110052,Phao đeo tay Coleman 20021240 (1367544) (4997),PHU KIEN PHAO,COLEMAN
4110047,Phao đeo tay Coleman 20029171 (1406075)  (9633),PHAO DEO TAY,COLEMAN
4110051,Phao đeo tay Coleman 30003544 (1374198) (3778),PHAO DEO TAY,COLEMAN
4110050,Phao đeo tay Coleman 30003546 (1374220) (3792),PHAO DEO TAY,COLEMAN
4110037,Phao đeo tay Deluxe 3D Coleman 2000009436 - Hồng (3682),PHAO DEO TAY,COLEMAN
4110036,Phao đeo tay Deluxe 3D Coleman 2000009715 - Xanh dương (3675),PHAO DEO TAY,COLEMAN
4110038,Phao đeo tay Deluxe 3D Coleman 20017981 (3759)- Xanh Biển (8583),PHU KIEN PHAO,COLEMAN
4110034,Phao đeo tay Deluxe Coleman 2000012542(6932) - Xanh dương (4126),PHU KIEN PHAO,COLEMAN
4110039,Phao đeo tay Deluxe Coleman 2000012546 - Xanh Lá (Két) (4133),PHU KIEN PHAO,COLEMAN
4110046,Phao đeo tay Deluxe Coleman 2000019607 - 1367547 (3907),PHAO DEO TAY,COLEMAN
4110033,Phao đeo tay Deluxe Coleman 20012541(6931)- Hồng (4140),PHU KIEN PHAO,COLEMAN
4110035,Phao đeo tay Deluxe Coleman 20012545(6933) -Tím (Hươu) (4157),PHAO DEO TAY,COLEMAN
4110045,Phao đeo tay Deluxe Coleman 20019604  - Xanh la (Rùa) (3877),PHAO DEO TAY,COLEMAN
4110040,Phao đeo tay Deluxe Coleman 20022192 - Xanh (Tàu ngầm) (0431),PHAO DEO TAY,COLEMAN
4120002,Quạt bỏ túi Coleman 2000016472 (9219)    (3506),PHU KIEN QUAT,COLEMAN
4130002,Que nhựa phát sáng Coleman -20003439(15171) (đôi)    (2202),QUE NHUA,COLEMAN
4130001,Que nhựa phát sáng Coleman 20015171 (16495) (828A453B)   (3957),PHU KIEN,COLEMAN
4220021,Tay xách thùng giữ nhiệt Coleman R5286B120G (5537),PHU KIEN TAY XACH TGN,COLEMAN
4170001,Túi  giữ lạnh Shopping Coleman 61370A-4640003      (5704),TGL SHOPG,COLEMAN
4210031,Túi đựng đồ Coleman 15855 (12239) (834A312T)-110cm x 40cm (0703),PHU KIEN TUI ,COLEMAN
4170105,Túi giữ lạnh 10 lon Coleman 2000013732 - Xám     (4260),TGL 10 LON,COLEMAN
4170102,Túi giữ lạnh 10 lon Coleman 2000013750-Xanh dương/Đen   (3621),TGL 10 LON,COLEMAN
4170103,Túi giữ lạnh 10 lon Coleman 2000013751 - Vàng Chanh    (3614),TGL 10 LON,COLEMAN
4170107,Túi giữ lạnh 10 lon Coleman 200115956 (1354179) - Vàng chanh     (4277),TGL 10 LON,COLEMAN
4170127,Túi giữ lạnh 16 lon Coleman 200027819 - 1409606 (4246),TGL 16 LON,COLEMAN
4170123,Túi giữ lạnh 16 lon Coleman 3000001315 - Đỏ      (4214),TGL 16 LON,COLEMAN
4170057,Túi giữ lạnh 19L Coleman 2000011323 (Mẫu),TGL 19L,COLEMAN
4170144,Túi giữ lạnh 30 lon Coleman 200027820 (4474),TGL 30 LON,COLEMAN
4170141,Túi giữ lạnh 30 lon Coleman 3000001311(1252)-Đỏ (4252),TGL 30 LON,COLEMAN
4170005,Túi giữ lạnh 4L Coleman 2000011325 - 1323904      (0420),TGL 4L,COLEMAN
4170096,Túi giữ lạnh 9 lon Coleman 200027818 (1409605) (4450),TGL 9LON,COLEMAN
4170046,Túi giữ lạnh Daily 15L Coleman 2000011328 - 1356773    (0406),TGL 15L,COLEMAN
4190002,Túi mềm làm lạnh Coleman 30000751(3560)  (1445) (6357) - Lớn,TUI LAM LANH LON,COLEMAN
4190008,Túi nhựa làm lạnh Coleman 1237168 - 750ml     (9139),TGL 750 ML,COLEMAN
4190006,Túi nhựa làm lạnh Coleman 1237259 - 6 lon        (9152),TGL 6LON,COLEMAN
4190010,Túi nhựa làm lạnh Coleman 30003563 (753) - Nhỏ        (6371),TNLL NHO,COLEMAN
,Thùng Coleman 6240A718G-37.8L- Xanh    (9970),TGN 37.8L,COLEMAN
4010283,Thùng Coleman 6278718G-26.4L-B      (7159),TGN 26.4L,COLEMAN
,Thùng Coleman giữ lạnh  2000027863 - 56L - Xanh - tay kéo (4104),TGN 56L,COLEMAN
4010071,Thùng Coleman giữ lạnh 2000014641-6L-Đỏ (4157),TGN 6L,COLEMAN
4010214,Thùng Coleman giữ lạnh 2000014648-12L-Hồng (4249),TGN 12L,COLEMAN
4010231,Thùng Coleman giữ lạnh 2000027859 - 15L - Xanh (4067),TGN 15L,COLEMAN
4010231,Thùng Coleman giữ lạnh 2000027859 - Xanh - 15L (4067),TGN 15L,COLEMAN
,Thùng Coleman giữ lạnh 2000027864 - 56L - Đỏ - tay kéo (4111),TGN 56L,COLEMAN
4010290,Thùng Coleman giữ lạnh 200010028-26L -Tay kéo -  Đỏ   (7868),TGN 26L TAY KEO,COLEMAN
4010290,Thùng Coleman giữ lạnh 200010028-26L -Tay kéo -  Đỏ  (7868),TGN 26L TAY KEO,COLEMAN
4010290,Thùng Coleman giữ lạnh 200010028-26L -Tay kéo -  Hồng   (7868),TGN 26L TAY KEO,COLEMAN
4010290,Thùng Coleman giữ lạnh 200010028-26L -Tay kéo - Hồng   (7868),TGN 26L TAY KEO,COLEMAN
4010289,Thùng Coleman giữ lạnh 200010029-26L - Tay kéo - Xanh    (7869),TGN 26L TAY KEO,COLEMAN
,Thùng Coleman giữ lạnh 200010029-26L - Tay kéo - Xanh (7869),TGN 26L TAY KEO,COLEMAN
4010107,Thùng Coleman giữ lạnh 2160823 - Xanh - 8.5L (1051),TGN 8.5L,COLEMAN
4010106,Thùng Coleman giữ lạnh 2180604 - 8.5L - Nâu xám (Mẫu)  (7189),TGN 8.5L,COLEMAN
4010253,Thùng Coleman giữ lạnh 2180609 - 16L -Nâu xám  (mẫu) (7190),TGN 16L,COLEMAN
4010292,Thùng Coleman giữ lạnh 2205748 - 26L - Xanh Rêu   (4281),TGN 26L TAY KEO,COLEMAN
4010291,Thùng Coleman giữ lạnh 2205749 - 26L - Nâu    (4311),TGN 26L TAY KEO,COLEMAN
4010241,Thùng Coleman giữ lạnh 2207634 -15L- Xám (4601),TGN 15L,COLEMAN
4010103,Thùng Coleman giữ lạnh 3000000166(5084)-8.5L-Xanh (0099) (7710),TGN-8.5L,COLEMAN
4010500,Thùng Coleman giữ lạnh 3000000187-95L-Xanh (8362),TGN 95L,COLEMAN
4010570,Thùng Coleman giữ lạnh 3000000433(5354)-24 lon-Xanh (5145),TGL 24 LON ,COLEMAN
4010595,Thùng Coleman giữ lạnh 3000000480 (5342) -48 lon-Xanh Dương (5220),TGL 48 LON,COLEMAN
4010597,Thùng Coleman giữ lạnh 3000000483 (5345) -48 lon-Xám  (5244),TGL-48 LON,COLEMAN
4010561,Thùng Coleman giữ lạnh 3000000485-20 lon-Xanh    (5268),TGL 20 LON,COLEMAN
4010239,Thùng Coleman giữ lạnh 3000001832-15L-Xanh Dương (0705),TGN 15L,COLEMAN
4010431,Thùng Coleman giữ lạnh 3000001838(5152)-57L-Xanh-tay kéo (0910),TGN 57L TAY KEO,COLEMAN
4010237,Thùng Coleman giữ lạnh 3000001989-15L - Đỏ    (0712),TGN 15L,COLEMAN
4010237,Thùng Coleman giữ lạnh 3000001989-15L-Đỏ    (0712),TGN 15L,COLEMAN
4010232,Thùng Coleman giữ lạnh 30000027860 - 15L - Đỏ (4074),TGN 15L,COLEMAN
4010232,Thùng Coleman giữ lạnh 30000027860 - Đỏ - 15L (4074),TGN 15L,COLEMAN
4010430,Thùng Coleman giữ lạnh 30000036781 - Xám - 56L - tay kéo (2981)),TGN 56L,COLEMAN
4010233,Thùng Coleman giữ lạnh 30000036784 - 15L - Xám (3018),TGN 15L,COLEMAN
4010233,Thùng Coleman giữ lạnh 30000036784 - Xám - 15L (3018),TGN 15L,COLEMAN
4010240,Thùng Coleman giữ lạnh 3000005909-15L-Đen (9418),TGN 15L,COLEMAN
,Thùng Coleman giữ lạnh 300001842-28.4L - Xanh  (0811),TGN 28.4L,COLEMAN
,Thùng Coleman giữ lạnh 300002001-28.4L - Đỏ (0828),TGN 28.4L,COLEMAN
4010308,Thùng Coleman giữ lạnh 3000036681 - Vàng cát - 28L (2684),TGN 28L,COLEMAN
4010434,Thùng Coleman giữ lạnh 30005144 (1998)- 57L -Đỏ-tay kéo (0927),TGN 57L TAY KEO,COLEMAN
,Thùng Coleman giữ lạnh 30005184 - 57L - tay kéo    (5655),TGN 57L,COLEMAN
4010102,Thùng Coleman giữ lạnh 3005085 (6209)-8.5L- Đỏ  (7710),TGN-8.5L,COLEMAN
4010050,Thùng Coleman giữ lạnh 5205A753G-4.7L-Đỏ    (8419),BINH 4.7L,COLEMAN
4010051,Thùng Coleman giữ lạnh 5205A758G-4.7L-Xanh dương    (8433),BINH 4.7L,COLEMAN
,Thùng Coleman giữ lạnh 6200A748-95L-Xanh (4356),TGN 95L,COLEMAN
4010508,Thùng Coleman giữ lạnh 6201A748-95L-Xanh - tay keo (5537),TGN 95L,COLEMAN
4010596,Thùng Coleman giữa lạnh 3000000482 -48 lon- Xanh (5237),TGL 48 LON,COLEMAN
4010322,Thùng Giữ Nhiệt Coleman  2000033007 - 45L-Xanh (4852),TGN 45L,COLEMAN
,Thùng Giữ Nhiệt Coleman  3000000154-45.4L-Đỏ    (3797),TGN 45L,COLEMAN
,Thùng Giữ Nhiệt Coleman  3000033007 - 45L-Xanh (4852),TGN 45L,COLEMAN
,Thùng Giữ Nhiệt Coleman  3000033008 - 45L - Đỏ       (4869),TGN 45L,COLEMAN
,Thùng Giữ Nhiệt Coleman 2000033008 - 45L - Đỏ (4869),TGN 45L,COLEMAN
,Thùng Giữ Nhiệt Coleman 3000000153-45.4L-Xanh    (3810),TGN 45L,COLEMAN
4160016,Thuyền hơi Colossus 4 người Coleman 200014140 (3391) (9597),Thuyền hơi Colossus 4 người,COLEMAN
4220040,Van xả nước thùng Coleman 30002013 (45.4L - 95L) (0132),PHU KIEN VAN XA NUOC,COLEMAN
4220048,Xe kéo Coleman - 2000037466     (4732),PHU KIEN XE KEO,COLEMAN
4220060,Xiên nướng Coleman 20000016389 (1801) (1219309) - 76cm (1953),PHU KIEN XIEN NUONG,COLEMAN
1610062,DOR_Mũ bảo hiểm Dorco,DOR_Mũ bảo hiểm Dorco,DORCO
,DUR_Kệ Format treo pin - Duracell,DUR_Kệ Format treo  - Duracell,DRACELL
1610082,FDK hỗ trợ bán hàng tồn kho - VL002/2022: VLN/22/0154X,FDK hỗ trợ bán hàng tồn kho - VL002/2022: VLN/22/0154X,FUJITSU
1610090,"FUJITSU _Áo thun Fujitsu - Màu đỏ (Size: 3XL,XL,L,M)","FUJITSU _Áo thun Fujitsu - Màu đỏ (Size: 3XL,XL,L,M)",FUJITSU
1610092,FUJITSU_Dây treo Fujitsu 10 móc (2 hàng),FUJITSU_Dây treo Fujitsu 10 móc (2 hàng),FUJITSU
1610208,KHAC_Hộp đựng pin 10 viên,KHAC_Hộp đựng pin 10 viên,FUJITSU
1610207,KHAC_Hộp đựng pin 4 viên,KHAC_Hộp đựng pin 4 viên,FUJITSU
1610216,KHAC_Xe đồ chơi - FBG74,KHAC_Xe đồ chơi - FBG74,FUJITSU
6060021,Máy Sạc Fujitsu - FCT 344CE(CL) - 2hr - 1100/560mAh (1830),FCT344CE(CL)-2hr-1100/560mAh(1830),FUJITSU
6060020,Máy Sạc Fujitsu - FCT 344CEFX(CL) - 2hr - 4xAA-  2000mAh (1373),FCT344CEFX(CL)-2hr-4xAA-2000mAh(1373),FUJITSU
6060024,Máy Sạc Fujitsu - FCT 345CEFXL(B) - 3hr - 2xAA-  1000mAh (1656),FCT345CEFXL(B)-3hr-2xAA-1000mAh(1656),FUJITSU
6060028,Máy Sạc Fujitsu - FCT 345FXEST(B) - 6hr - 4xAA-  2000mAh (6582),FCT345FXEST(B)-6hr-4xAA-2000mAh(6582),FUJITSU
6060001,Pin  Sạc Fujitsu - HR-3UTCEX (2B) - AA - 1900mAh  (6148),HR-3UTCEX(2B)-AA-1900mAh(6148),FUJITSU
6060002,Pin  Sạc Fujitsu - HR-3UTCEX(4B) - AA - 1900mAh   (6155),HR-3UTCEX(4B)-AA-1900mAh(6155),FUJITSU
6060012,Pin  Sạc Fujitsu - HR-3UTLA (4B) - AA - 1000mAh  (6711),HR-3UTLA(4B)-AA-1000mAh(6711),FUJITSU
6060006,Pin  Sạc Fujitsu - HR-3UTHCEX(2B) - AA- 2450mAh    (1665),HR-3UTHCEX(2B)-AA-2450mAh(1665),FUJITSU
6060005,Pin  Sạc Fujitsu - HR-3UTHCEX(4B) - AA- 2550mAh    (6117),HR-3UTHCEX(4B)-AA-2550mAh(6117),FUJITSU
6060007,Pin  Sạc Fujitsu - HR-4UTHCEX(2B) - AAA - 900mAh   (6124),HR-4UTHCEX(2B)-AAA-900mAh(6124),FUJITSU
6060008,Pin  Sạc Fujitsu - HR-4UTHCEX(4B) - AAA - 900mAh    (6131),HR-4UTHCEX(4B)-AAA-900mAh(6131),FUJITSU
6010005,Pin Fujitsu - 6LF22(1B) - FU - A-G - 9V   (6600),6LF22(1B)-FU-A-G-9V(6600),FUJITSU
6010003,Pin Fujitsu - LR03(2B) FU-W- FI - AAA     (3500),LR03(2B)AAA,FUJITSU
6010011,Pin Fujitsu - LR03(2B) FU-W- FI - AAA  10VI/HOP (6350),LR03(2B)AAA,FUJITSU
6010004,Pin Fujitsu - LR03(4B) FU-W-FI - AAA    (5504),LR03(4B)AAA,FUJITSU
6010014,Pin Fujitsu - LR03(4B+2B) FU-W-FI - AAA    (5504),LR03(4B)AAA,FUJITSU
6010007,Pin Fujitsu - LR03(6B) FU-W-FI - AAA    (5807),LR03(6B)AAA,FUJITSU
6010009,Pin Fujitsu - LR03(8B) FU-W-FI - AAA    (3901),LR03(8B)AAA,FUJITSU
6010001,Pin Fujitsu - LR6(2B) FU-W-FI  - AA       (2404),LR6(2B)AA,FUJITSU
6010010,Pin Fujitsu - LR6(2B) FU-W-FI - AA 10VI/HOP (6240),LR6(2B)AA,FUJITSU
6010003,Pin Fujitsu - LR6(4B) FU-W- FI - AAA     (3500),LR6(4B)AAA,FUJITSU
6010002,Pin Fujitsu - LR6(4B) FU-W-FI  - AA       (3005),LR6(4B)AA,FUJITSU
6010013,Pin Fujitsu - LR6(4B+2B) FU-W-FI-AA       (3005),LR6(4B)AA,FUJITSU
6010006,Pin Fujitsu - LR6(6B) FU-W-FI  - AA       (9808),LR6(6B)AA,FUJITSU
6010008,Pin Fujitsu - LR6(8B) FU-W-FI  - AA       (9907),LR6(8B)AA,FUJITSU
6050012,Pin Fujitsu - R03(2S) F-GP - AAA      (9169),R03(2S)AAA,FUJITSU
6050015,Pin Fujitsu - R03(2S) F-GP - AAA  20VI/HOP (9160) (0916),R03(2S),FUJITSU
6050004,Pin Fujitsu - R03(4B) F-GP - AAA     (3112),R03(4B)AAA,FUJITSU
6040022,Pin Fujitsu - R03/2400(BP4) - R03N(4B)FJEUNIC -  AAA   (3402),R03/2400(BP4)AAA,FUJITSU
6040012,Pin Fujitsu - R03N/2400 (SP2)- R03N(2S)FJEUNIC -  AAA   (1408),R03N/2400(SP2)AAA,FUJITSU
6040012,Pin Fujitsu - R03N/2400(SP2) - R03N(2S)FJEUNIC -  AAA   (1408),R03N/2400(SP2)AAA,FUJITSU
6050005,Pin Fujitsu - R14(2B) F-GP - C       (1118),R14(2B),FUJITSU
6050013,Pin Fujitsu - R14(2S) F-GP - C       (7110),R14(2S)F-GP-C(7110),FUJITSU
6040013,Pin Fujitsu - R14N/2200(SP2) - 2N(2S)FJ-EUNAB - C   (1200),R14N/2200(SP2)C,FUJITSU
6050006,Pin Fujitsu - R20(2B) F-GP - D      (0111),R20(2B)F-GP-D(0111),FUJITSU
6050014,Pin Fujitsu - R20(2S) F-GP - D         (6113),R20(2S)F-GP-D(6113),FUJITSU
6040014,Pin Fujitsu - R20N/2100(SP2) - 1N(2S)FJ-EUNAB - C   (1101)),R20N/2100(SP2)-1N(2S)FJ-EUNAB-C(1101)),FUJITSU
6040014,Pin Fujitsu - R20N/2100(SP2) - 1N(2S)FJ-EUNAB - D   (1101),R20N/2100(SP2)-1N(2S)FJ-EUNAB-D(1101),FUJITSU
6050002,Pin Fujitsu - R6(4B) F-GP - AA    (2115),R6(4B)F-GP-AA(2115),FUJITSU
6050011,Pin Fujitsu - R6(4S) F-GP - AA       (8117),R6(4S)F-GP-AA(8117),FUJITSU
6050010,Pin Fujitsu - R6(4S) F-GP - AA 10VI/HOP  (8118)  (0811),R6(4S),FUJITSU
6040021,Pin Fujitsu - R6/2300(BP4) - 3N(4B)FJ-EUNAB - AA   (2306),R6/2300(BP4)AA,FUJITSU
6040011,Pin Fujitsu - R6N/2300(SP4) - 3N(4S)FJ-EUNAB - AA   (1309),R6N/2300(SP4)-3N(4S)FJ-EUNAB-AA(1309),FUJITSU
6010032,Pin Fujitsu Premium - LR03(2B) FP-A-FI  - AAA    (0501),FujitsuPremium-LR03(2B)FP-A-FI-AAA(0501),FUJITSU
6010032,Pin Fujitsu Premium - LR03(2B) FP-W-FI  - AAA    (0501),FujitsuPremium-LR03(2B)FP-W-FI-AAA(0501),FUJITSU
6010033,Pin Fujitsu Premium - LR03(4B) FP-A-FI  - AAA    (0600),FujitsuPremium-LR03(4B)FP-A-FI-AAA(0600),FUJITSU
6010033,Pin Fujitsu Premium - LR03(4B) FP-W-FI  - AAA    (0600),FujitsuPremium-LR03(4B)FP-W-FI-AAA(0600),FUJITSU
6010030,Pin Fujitsu Premium - LR6(2B) FP-A-FI - AA      (2804),FujitsuPremium-LR6(2B)FP-A-FI-AA(2804),FUJITSU
6010030,Pin Fujitsu Premium - LR6(2B) FP-W-FI - AA      (2804),FujitsuPremium-LR6(2B)FP-W-FI-AA(2804),FUJITSU
6010031,Pin Fujitsu Premium - LR6(4B) FP-A-FI  - AA       (9703),FujitsuPremium-LR6(4B)FP-A-FI-AA(9703),FUJITSU
6010031,Pin Fujitsu Premium - LR6(4B) FP-W-FI  - AA       (9703),FujitsuPremium-LR6(4B)FP-W-FI-AA(9703),FUJITSU
1610124,Tủ pin - 6 Móc,Tủpin-6Móc,FUJITSU
,Tủ pin - 9 móc,Tủpin-9móc,FUJITSU
7200006,Dao Cạo Gillette Blue 2 FLexi  (5+2) - Gói,Dao Cạo Gillette,GILLETTE
7200005,Dao Cạo Gillette Blue II FLaxi  5+2 (12x12)    (5749),Dao Cạo Gillette,GILLETTE
7200004,Dao Cạo Gillette Blue II Plus 5+1 (12x12)         (8377),Dao Cạo Gillette,GILLETTE
7200004,Dao Cạo Gillette Blue II Plus 5+1 (12x12)    (8377),Dao Cạo Gillette,GILLETTE
7100001,Lưỡi Lam Dunia Shave (5lưỡi x 20hộp),Lưỡi Lam Dunia Shave (5lưỡi x 20hộp),GILLETTE
7200002,Lưỡi Lam Gillette 10+2,Lưỡi Lam Gillette 10+2,GILLETTE
1610082,Hỗ trợ bán hàng - T11/2023,Hỗ trợ bán hàng - T11/2023,Hỗ trợ bán hàng - T11/2023
,Hàng tạm,Hàng tạm,TAM
,Lăn khử mùi nam Adidas - Ice Dive - 40ml (6358) ,LKM ICE DIVE,ADIDAS
,Thùng Coleman giữ lạnh 2000027859 - 15L - Xanh (4067) ,TGN 15L,COLEMAN
,Thùng Coleman giữ lạnh 2000027859 - Xanh - 15L (4067) ,TGN 15L,COLEMAN
,Thùng Coleman giữ lạnh 200010029-26L - Tay kéo - Xanh    (7869) ,TGN 26L TAY KEO,COLEMAN
,Thùng Coleman giữ lạnh 30000027860 - 15L - Đỏ (4074) ,TGN 15L,COLEMAN
,Thùng Coleman giữ lạnh 30000027860 - Đỏ - 15L (4074) ,TGN 15L,COLEMAN
,Thùng Giữ Nhiệt Coleman  2000033008 - 45L - Đỏ       (4869),TGN 45L,COLEMAN
2410001,Gel chống nắng Azarine Hydrasoothe Sunscreen - SPF 45 - 50ml (1791),KCN Hydrasoothe 50ml,AZARINE
2410002,Gel chống nắng Azarine Sunscreen HydraMac C - SPF 50 - 40ml  (2194),KCN HydraMac 40ml ,AZARINE
2420001,Kem dưỡng ấm chống nắng - Azarine Sunscreen Cicamide Barrier - SPF 35 - 40g  (Xanh dương) (2606),KCN Cicamide Barrier  40g  (Xanh dương),AZARINE
2420002,Kem dưỡng ấm chống nắng - Azarine Sunscreen Calm My Acne  - SPF 35 - 40g (Xanh lá) (2590),KCN Calm My Acne 40g (Xanh lá),AZARINE
2430001,Gel dưỡng ấm chống nắng toàn thân - Azarine Sunscreen Sweet Treats Baby - SPF 50 - 100ml  (Hồng) (2460),KCN Sweet Treats Baby100ml  (Hồng),AZARINE
2430002,Gel dưỡng ấm chống nắng  toàn thân  - Azarine Sunscreen Magical LUV - SPF 50 - 100ml  (Tím) (2439),KCN Magical LUV 100ml  (Tím),AZARINE
